patient,image,mask,x_img,y_img,xx_img,yy_img,x_msk,y_msk,xx_msk,yy_msk
001,/net/nfs3/export/dataset/morita/kobe-u/oral/mronj/001/xp.nii.gz,/net/nfs3/export/dataset/morita/kobe-u/oral/mronj/001/mask2.nii.gz,300,350,2130,980,300,350,2130,980
001,/net/nfs3/export/home/hasegawa/workspace/kobe/synthesis/_out/mronj/Panorama/001.nii.gz,/net/nfs3/export/dataset/morita/kobe-u/oral/mronj/001/mask2.nii.gz,450,350,2000,980,300,350,2130,980
002,/net/nfs3/export/dataset/morita/kobe-u/oral/mronj/002/xp.nii.gz,/net/nfs3/export/dataset/morita/kobe-u/oral/mronj/002/mask2.nii.gz,440,380,2000,1110,440,380,2000,1110
003,/net/nfs3/export/dataset/morita/kobe-u/oral/mronj/003/xp.nii.gz,/net/nfs3/export/dataset/morita/kobe-u/oral/mronj/003/mask2.nii.gz,550,450,2010,1080,550,450,2010,1080
003,/net/nfs3/export/home/hasegawa/workspace/kobe/synthesis/_out/mronj/Panorama/003.nii.gz,/net/nfs3/export/dataset/morita/kobe-u/oral/mronj/003/mask2.nii.gz,480,300,1980,970,550,450,2010,1080
004,/net/nfs3/export/dataset/morita/kobe-u/oral/mronj/004/xp.nii.gz,/net/nfs3/export/dataset/morita/kobe-u/oral/mronj/004/mask2.nii.gz,340,470,2150,1100,340,470,2150,1100
004,/net/nfs3/export/home/hasegawa/workspace/kobe/synthesis/_out/mronj/Panorama/004.nii.gz,/net/nfs3/export/dataset/morita/kobe-u/oral/mronj/004/mask2.nii.gz,430,410,1950,1000,340,470,2150,1100
005,/net/nfs3/export/dataset/morita/kobe-u/oral/mronj/005/xp.nii.gz,/net/nfs3/export/dataset/morita/kobe-u/oral/mronj/005/mask2.nii.gz,460,390,2030,1080,460,390,2030,1080
006,/net/nfs3/export/dataset/morita/kobe-u/oral/mronj/006/xp.nii.gz,/net/nfs3/export/dataset/morita/kobe-u/oral/mronj/006/mask2.nii.gz,750,400,2390,1220,750,400,2390,1220
007,/net/nfs3/export/dataset/morita/kobe-u/oral/mronj/007/xp.nii.gz,/net/nfs3/export/dataset/morita/kobe-u/oral/mronj/007/mask2.nii.gz,210,290,2150,1060,210,290,2150,1060
008,/net/nfs3/export/dataset/morita/kobe-u/oral/mronj/008/xp.nii.gz,/net/nfs3/export/dataset/morita/kobe-u/oral/mronj/008/mask2.nii.gz,570,310,2380,1260,570,310,2380,1260
009,/net/nfs3/export/dataset/morita/kobe-u/oral/mronj/009/xp.nii.gz,/net/nfs3/export/dataset/morita/kobe-u/oral/mronj/009/mask2.nii.gz,420,230,2080,1030,420,230,2080,1030
009,/net/nfs3/export/home/hasegawa/workspace/kobe/synthesis/_out/mronj/Panorama/009.nii.gz,/net/nfs3/export/dataset/morita/kobe-u/oral/mronj/009/mask2.nii.gz,400,360,1930,1030,420,230,2080,1030
010,/net/nfs3/export/dataset/morita/kobe-u/oral/mronj/010/xp.nii.gz,/net/nfs3/export/dataset/morita/kobe-u/oral/mronj/010/mask2.nii.gz,360,390,2190,1120,360,390,2190,1120
011,/net/nfs3/export/dataset/morita/kobe-u/oral/mronj/011/xp.nii.gz,/net/nfs3/export/dataset/morita/kobe-u/oral/mronj/011/mask2.nii.gz,480,410,2000,1050,480,410,2000,1050
012,/net/nfs3/export/dataset/morita/kobe-u/oral/mronj/012/xp.nii.gz,/net/nfs3/export/dataset/morita/kobe-u/oral/mronj/012/mask2.nii.gz,450,350,2010,1080,450,350,2010,1080
012,/net/nfs3/export/home/hasegawa/workspace/kobe/synthesis/_out/mronj/Panorama/012.nii.gz,/net/nfs3/export/dataset/morita/kobe-u/oral/mronj/012/mask2.nii.gz,450,350,2010,1080,450,350,2010,1080
013,/net/nfs3/export/dataset/morita/kobe-u/oral/mronj/013/xp.nii.gz,/net/nfs3/export/dataset/morita/kobe-u/oral/mronj/013/mask2.nii.gz,380,402,2270,1370,380,402,2270,1370
014,/net/nfs3/export/dataset/morita/kobe-u/oral/mronj/014/xp.nii.gz,/net/nfs3/export/dataset/morita/kobe-u/oral/mronj/014/mask2.nii.gz,440,430,1900,1080,440,430,1900,1080
015,/net/nfs3/export/dataset/morita/kobe-u/oral/mronj/015/xp.nii.gz,/net/nfs3/export/dataset/morita/kobe-u/oral/mronj/015/mask2.nii.gz,400,400,1950,1070,400,400,1950,1070
016,/net/nfs3/export/dataset/morita/kobe-u/oral/mronj/016/xp.nii.gz,/net/nfs3/export/dataset/morita/kobe-u/oral/mronj/016/mask2.nii.gz,640,370,2220,1200,640,370,2220,1200
017,/net/nfs3/export/dataset/morita/kobe-u/oral/mronj/017/xp.nii.gz,/net/nfs3/export/dataset/morita/kobe-u/oral/mronj/017/mask2.nii.gz,490,530,2420,1240,490,530,2420,1240
017,/net/nfs3/export/home/hasegawa/workspace/kobe/synthesis/_out/mronj/Panorama/017.nii.gz,/net/nfs3/export/dataset/morita/kobe-u/oral/mronj/017/mask2.nii.gz,400,500,1950,1000,490,530,2420,1240
018,/net/nfs3/export/dataset/morita/kobe-u/oral/mronj/018/xp.nii.gz,/net/nfs3/export/dataset/morita/kobe-u/oral/mronj/018/mask2.nii.gz,270,370,1900,1060,270,370,1900,1060
019,/net/nfs3/export/dataset/morita/kobe-u/oral/mronj/019/xp.nii.gz,/net/nfs3/export/dataset/morita/kobe-u/oral/mronj/019/mask2.nii.gz,370,410,2040,1040,370,410,2040,1040
019,/net/nfs3/export/home/hasegawa/workspace/kobe/synthesis/_out/mronj/Panorama/019.nii.gz,/net/nfs3/export/dataset/morita/kobe-u/oral/mronj/019/mask2.nii.gz,390,410,2060,1000,370,410,2040,1040
020,/net/nfs3/export/dataset/morita/kobe-u/oral/mronj/020/xp.nii.gz,/net/nfs3/export/dataset/morita/kobe-u/oral/mronj/020/mask2.nii.gz,530,500,1810,1040,530,500,1810,1040
021,/net/nfs3/export/dataset/morita/kobe-u/oral/mronj/021/xp.nii.gz,/net/nfs3/export/dataset/morita/kobe-u/oral/mronj/021/mask2.nii.gz,310,410,2000,1030,310,410,2000,1030
022,/net/nfs3/export/dataset/morita/kobe-u/oral/mronj/022/xp.nii.gz,/net/nfs3/export/dataset/morita/kobe-u/oral/mronj/022/mask2.nii.gz,430,400,2010,1050,430,400,2010,1050
023,/net/nfs3/export/dataset/morita/kobe-u/oral/mronj/023/xp.nii.gz,/net/nfs3/export/dataset/morita/kobe-u/oral/mronj/023/mask2.nii.gz,260,350,2010,1040,260,350,2010,1040
024,/net/nfs3/export/dataset/morita/kobe-u/oral/mronj/024/xp.nii.gz,/net/nfs3/export/dataset/morita/kobe-u/oral/mronj/024/mask2.nii.gz,400,340,1950,1030,400,340,1950,1030
025,/net/nfs3/export/dataset/morita/kobe-u/oral/mronj/025/xp.nii.gz,/net/nfs3/export/dataset/morita/kobe-u/oral/mronj/025/mask2.nii.gz,360,390,1960,990,360,390,1960,990
026,/net/nfs3/export/dataset/morita/kobe-u/oral/mronj/026/xp.nii.gz,/net/nfs3/export/dataset/morita/kobe-u/oral/mronj/026/mask2.nii.gz,440,360,1880,1020,440,360,1880,1020
026,/net/nfs3/export/home/hasegawa/workspace/kobe/synthesis/_out/mronj/Panorama/026.nii.gz,/net/nfs3/export/dataset/morita/kobe-u/oral/mronj/026/mask2.nii.gz,440,360,1880,1020,440,360,1880,1020
027,/net/nfs3/export/dataset/morita/kobe-u/oral/mronj/027/xp.nii.gz,/net/nfs3/export/dataset/morita/kobe-u/oral/mronj/027/mask2.nii.gz,360,440,1960,990,360,440,1960,990
027,/net/nfs3/export/home/hasegawa/workspace/kobe/synthesis/_out/mronj/Panorama/027.nii.gz,/net/nfs3/export/dataset/morita/kobe-u/oral/mronj/027/mask2.nii.gz,340,350,1960,990,360,440,1960,990
028,/net/nfs3/export/dataset/morita/kobe-u/oral/mronj/028/xp.nii.gz,/net/nfs3/export/dataset/morita/kobe-u/oral/mronj/028/mask2.nii.gz,250,260,2130,990,250,260,2130,990
029,/net/nfs3/export/dataset/morita/kobe-u/oral/mronj/029/xp.nii.gz,/net/nfs3/export/dataset/morita/kobe-u/oral/mronj/029/mask2.nii.gz,330,260,1920,890,330,260,1920,890
030,/net/nfs3/export/dataset/morita/kobe-u/oral/mronj/030/xp.nii.gz,/net/nfs3/export/dataset/morita/kobe-u/oral/mronj/030/mask2.nii.gz,370,520,1900,1020,370,520,1900,1020
031,/net/nfs3/export/dataset/morita/kobe-u/oral/mronj/031/xp.nii.gz,/net/nfs3/export/dataset/morita/kobe-u/oral/mronj/031/mask2.nii.gz,380,300,1950,970,380,300,1950,970
032,/net/nfs3/export/dataset/morita/kobe-u/oral/mronj/032/xp.nii.gz,/net/nfs3/export/dataset/morita/kobe-u/oral/mronj/032/mask2.nii.gz,400,480,1930,1020,400,480,1930,1020
033,/net/nfs3/export/dataset/morita/kobe-u/oral/mronj/033/xp.nii.gz,/net/nfs3/export/dataset/morita/kobe-u/oral/mronj/033/mask2.nii.gz,330,312,1980,890,330,312,1980,890
034,/net/nfs3/export/dataset/morita/kobe-u/oral/mronj/034/xp.nii.gz,/net/nfs3/export/dataset/morita/kobe-u/oral/mronj/034/mask2.nii.gz,440,370,2240,1080,440,370,2240,1080
035,/net/nfs3/export/dataset/morita/kobe-u/oral/mronj/035/xp.nii.gz,/net/nfs3/export/dataset/morita/kobe-u/oral/mronj/035/mask2.nii.gz,420,380,1910,980,420,380,1910,980
036,/net/nfs3/export/dataset/morita/kobe-u/oral/mronj/036/xp.nii.gz,/net/nfs3/export/dataset/morita/kobe-u/oral/mronj/036/mask2.nii.gz,490,400,1860,1090,490,400,1860,1090
037,/net/nfs3/export/dataset/morita/kobe-u/oral/mronj/037/xp.nii.gz,/net/nfs3/export/dataset/morita/kobe-u/oral/mronj/037/mask2.nii.gz,370,400,1930,1120,370,400,1930,1120
037,/net/nfs3/export/home/hasegawa/workspace/kobe/synthesis/_out/mronj/Panorama/037.nii.gz,/net/nfs3/export/dataset/morita/kobe-u/oral/mronj/037/mask2.nii.gz,370,400,1930,965,370,400,1930,1120
038,/net/nfs3/export/dataset/morita/kobe-u/oral/mronj/038/xp.nii.gz,/net/nfs3/export/dataset/morita/kobe-u/oral/mronj/038/mask2.nii.gz,410,270,2090,1010,410,270,2090,1010
039,/net/nfs3/export/dataset/morita/kobe-u/oral/mronj/039/xp.nii.gz,/net/nfs3/export/dataset/morita/kobe-u/oral/mronj/039/mask2.nii.gz,370,370,1910,990,370,370,1910,990
039,/net/nfs3/export/home/hasegawa/workspace/kobe/synthesis/_out/mronj/Panorama/039.nii.gz,/net/nfs3/export/dataset/morita/kobe-u/oral/mronj/039/mask2.nii.gz,460,430,2000,1020,370,370,1910,990
040,/net/nfs3/export/dataset/morita/kobe-u/oral/mronj/040/xp.nii.gz,/net/nfs3/export/dataset/morita/kobe-u/oral/mronj/040/mask2.nii.gz,530,490,1820,940,530,490,1820,940
041,/net/nfs3/export/dataset/morita/kobe-u/oral/mronj/041/xp.nii.gz,/net/nfs3/export/dataset/morita/kobe-u/oral/mronj/041/mask2.nii.gz,230,230,2150,930,230,230,2150,930
042,/net/nfs3/export/dataset/morita/kobe-u/oral/mronj/042/xp.nii.gz,/net/nfs3/export/dataset/morita/kobe-u/oral/mronj/042/mask2.nii.gz,540,420,2440,1130,540,420,2440,1130
043,/net/nfs3/export/dataset/morita/kobe-u/oral/mronj/043/xp.nii.gz,/net/nfs3/export/dataset/morita/kobe-u/oral/mronj/043/mask2.nii.gz,280,370,1860,1050,280,370,1860,1050
044,/net/nfs3/export/dataset/morita/kobe-u/oral/mronj/044/xp.nii.gz,/net/nfs3/export/dataset/morita/kobe-u/oral/mronj/044/mask2.nii.gz,520,330,1800,980,520,330,1800,980
045,/net/nfs3/export/dataset/morita/kobe-u/oral/mronj/045/xp.nii.gz,/net/nfs3/export/dataset/morita/kobe-u/oral/mronj/045/mask2.nii.gz,430,230,1820,880,430,230,1820,880
046,/net/nfs3/export/dataset/morita/kobe-u/oral/mronj/046/xp.nii.gz,/net/nfs3/export/dataset/morita/kobe-u/oral/mronj/046/mask2.nii.gz,500,440,2240,1110,500,440,2240,1110
046,/net/nfs3/export/home/hasegawa/workspace/kobe/synthesis/_out/mronj/Panorama/046.nii.gz,/net/nfs3/export/dataset/morita/kobe-u/oral/mronj/046/mask2.nii.gz,360,340,1920,980,500,440,2240,1110
047,/net/nfs3/export/dataset/morita/kobe-u/oral/mronj/047/xp.nii.gz,/net/nfs3/export/dataset/morita/kobe-u/oral/mronj/047/mask2.nii.gz,440,310,1990,880,440,310,1990,880
048,/net/nfs3/export/dataset/morita/kobe-u/oral/mronj/048/xp.nii.gz,/net/nfs3/export/dataset/morita/kobe-u/oral/mronj/048/mask2.nii.gz,280,200,1550,920,280,200,1550,920
049,/net/nfs3/export/dataset/morita/kobe-u/oral/mronj/049/xp.nii.gz,/net/nfs3/export/dataset/morita/kobe-u/oral/mronj/049/mask2.nii.gz,440,430,1740,970,440,430,1740,970
050,/net/nfs3/export/dataset/morita/kobe-u/oral/mronj/050/xp.nii.gz,/net/nfs3/export/dataset/morita/kobe-u/oral/mronj/050/mask2.nii.gz,700,410,2160,1100,700,410,2160,1100
051,/net/nfs3/export/dataset/morita/kobe-u/oral/mronj/051/xp.nii.gz,/net/nfs3/export/dataset/morita/kobe-u/oral/mronj/051/mask2.nii.gz,700,430,2230,1230,700,430,2230,1230
052,/net/nfs3/export/dataset/morita/kobe-u/oral/mronj/052/xp.nii.gz,/net/nfs3/export/dataset/morita/kobe-u/oral/mronj/052/mask2.nii.gz,520,420,1910,1070,520,420,1910,1070
053,/net/nfs3/export/dataset/morita/kobe-u/oral/mronj/053/xp.nii.gz,/net/nfs3/export/dataset/morita/kobe-u/oral/mronj/053/mask2.nii.gz,530,340,1830,920,530,340,1830,920
054,/net/nfs3/export/dataset/morita/kobe-u/oral/mronj/054/xp.nii.gz,/net/nfs3/export/dataset/morita/kobe-u/oral/mronj/054/mask2.nii.gz,680,400,2210,1160,680,400,2210,1160
054,/net/nfs3/export/home/hasegawa/workspace/kobe/synthesis/_out/mronj/Panorama/054.nii.gz,/net/nfs3/export/dataset/morita/kobe-u/oral/mronj/054/mask2.nii.gz,400,330,2000,1080,680,400,2210,1160
055,/net/nfs3/export/dataset/morita/kobe-u/oral/mronj/055/xp.nii.gz,/net/nfs3/export/dataset/morita/kobe-u/oral/mronj/055/mask2.nii.gz,350,390,1950,1070,350,390,1950,1070
056,/net/nfs3/export/dataset/morita/kobe-u/oral/mronj/056/xp.nii.gz,/net/nfs3/export/dataset/morita/kobe-u/oral/mronj/056/mask2.nii.gz,310,350,1870,960,310,350,1870,960
057,/net/nfs3/export/dataset/morita/kobe-u/oral/mronj/057/xp.nii.gz,/net/nfs3/export/dataset/morita/kobe-u/oral/mronj/057/mask2.nii.gz,510,430,1850,990,510,430,1850,990
058,/net/nfs3/export/dataset/morita/kobe-u/oral/mronj/058/xp.nii.gz,/net/nfs3/export/dataset/morita/kobe-u/oral/mronj/058/mask2.nii.gz,610,310,2480,1130,610,310,2480,1130
059,/net/nfs3/export/dataset/morita/kobe-u/oral/mronj/059/xp.nii.gz,/net/nfs3/export/dataset/morita/kobe-u/oral/mronj/059/mask2.nii.gz,450,300,1810,950,450,300,1810,950
060,/net/nfs3/export/dataset/morita/kobe-u/oral/mronj/060/xp.nii.gz,/net/nfs3/export/dataset/morita/kobe-u/oral/mronj/060/mask2.nii.gz,640,360,2340,1140,640,360,2340,1140
061,/net/nfs3/export/dataset/morita/kobe-u/oral/mronj/061/xp.nii.gz,/net/nfs3/export/dataset/morita/kobe-u/oral/mronj/061/mask2.nii.gz,500,330,1900,950,500,330,1900,950
062,/net/nfs3/export/dataset/morita/kobe-u/oral/mronj/062/xp.nii.gz,/net/nfs3/export/dataset/morita/kobe-u/oral/mronj/062/mask2.nii.gz,490,360,2350,1180,490,360,2350,1180
063,/net/nfs3/export/dataset/morita/kobe-u/oral/mronj/063/xp.nii.gz,/net/nfs3/export/dataset/morita/kobe-u/oral/mronj/063/mask2.nii.gz,240,140,1610,850,240,140,1610,850
063,/net/nfs3/export/home/hasegawa/workspace/kobe/synthesis/_out/mronj/Panorama/063.nii.gz,/net/nfs3/export/dataset/morita/kobe-u/oral/mronj/063/mask2.nii.gz,380,280,2000,1000,240,140,1610,850
064,/net/nfs3/export/dataset/morita/kobe-u/oral/mronj/064/xp.nii.gz,/net/nfs3/export/dataset/morita/kobe-u/oral/mronj/064/mask2.nii.gz,340,260,1870,930,340,260,1870,930
065,/net/nfs3/export/dataset/morita/kobe-u/oral/mronj/065/xp.nii.gz,/net/nfs3/export/dataset/morita/kobe-u/oral/mronj/065/mask2.nii.gz,520,590,2300,1260,520,590,2300,1260
066,/net/nfs3/export/dataset/morita/kobe-u/oral/mronj/066/xp.nii.gz,/net/nfs3/export/dataset/morita/kobe-u/oral/mronj/066/mask2.nii.gz,300,400,2070,1060,300,400,2070,1060
067,/net/nfs3/export/dataset/morita/kobe-u/oral/mronj/067/xp.nii.gz,/net/nfs3/export/dataset/morita/kobe-u/oral/mronj/067/mask2.nii.gz,410,370,1900,990,410,370,1900,990
068,/net/nfs3/export/dataset/morita/kobe-u/oral/mronj/068/xp.nii.gz,/net/nfs3/export/dataset/morita/kobe-u/oral/mronj/068/mask2.nii.gz,350,390,2420,1280,350,390,2420,1280
069,/net/nfs3/export/dataset/morita/kobe-u/oral/mronj/069/xp.nii.gz,/net/nfs3/export/dataset/morita/kobe-u/oral/mronj/069/mask2.nii.gz,570,370,2110,1152,570,370,2110,1152
069,/net/nfs3/export/home/hasegawa/workspace/kobe/synthesis/_out/mronj/Panorama/069.nii.gz,/net/nfs3/export/dataset/morita/kobe-u/oral/mronj/069/mask2.nii.gz,390,450,1980,1050,570,370,2110,1152
070,/net/nfs3/export/dataset/morita/kobe-u/oral/mronj/070/xp.nii.gz,/net/nfs3/export/dataset/morita/kobe-u/oral/mronj/070/mask2.nii.gz,320,236,1900,854,320,236,1900,854
071,/net/nfs3/export/dataset/morita/kobe-u/oral/mronj/071/xp.nii.gz,/net/nfs3/export/dataset/morita/kobe-u/oral/mronj/071/mask2.nii.gz,360,400,1930,940,360,400,1930,940
072,/net/nfs3/export/dataset/morita/kobe-u/oral/mronj/072/xp.nii.gz,/net/nfs3/export/dataset/morita/kobe-u/oral/mronj/072/mask2.nii.gz,570,220,2170,1220,570,220,2170,1220
072,/net/nfs3/export/home/hasegawa/workspace/kobe/synthesis/_out/mronj/Panorama/072.nii.gz,/net/nfs3/export/dataset/morita/kobe-u/oral/mronj/072/mask2.nii.gz,410,300,2000,975,570,220,2170,1220
073,/net/nfs3/export/dataset/morita/kobe-u/oral/mronj/073/xp.nii.gz,/net/nfs3/export/dataset/morita/kobe-u/oral/mronj/073/mask2.nii.gz,400,300,2290,1170,400,300,2290,1170
073,/net/nfs3/export/home/hasegawa/workspace/kobe/synthesis/_out/mronj/Panorama/073.nii.gz,/net/nfs3/export/dataset/morita/kobe-u/oral/mronj/073/mask2.nii.gz,450,420,1950,1000,400,300,2290,1170
074,/net/nfs3/export/dataset/morita/kobe-u/oral/mronj/074/xp.nii.gz,/net/nfs3/export/dataset/morita/kobe-u/oral/mronj/074/mask2.nii.gz,400,270,2020,960,400,270,2020,960
075,/net/nfs3/export/dataset/morita/kobe-u/oral/mronj/075/xp.nii.gz,/net/nfs3/export/dataset/morita/kobe-u/oral/mronj/075/mask2.nii.gz,390,230,2340,1270,390,230,2340,1270
076,/net/nfs3/export/dataset/morita/kobe-u/oral/mronj/076/xp.nii.gz,/net/nfs3/export/dataset/morita/kobe-u/oral/mronj/076/mask2.nii.gz,420,430,2410,1040,420,430,2410,1040
076,/net/nfs3/export/home/hasegawa/workspace/kobe/synthesis/_out/mronj/Panorama/076.nii.gz,/net/nfs3/export/dataset/morita/kobe-u/oral/mronj/076/mask2.nii.gz,420,300,1950,1040,420,430,2410,1040
077,/net/nfs3/export/dataset/morita/kobe-u/oral/mronj/077/xp.nii.gz,/net/nfs3/export/dataset/morita/kobe-u/oral/mronj/077/mask2.nii.gz,570,380,2270,1240,570,380,2270,1240
077,/net/nfs3/export/home/hasegawa/workspace/kobe/synthesis/_out/mronj/Panorama/077.nii.gz,/net/nfs3/export/dataset/morita/kobe-u/oral/mronj/077/mask2.nii.gz,460,310,1900,990,570,380,2270,1240
078,/net/nfs3/export/dataset/morita/kobe-u/oral/mronj/078/xp.nii.gz,/net/nfs3/export/dataset/morita/kobe-u/oral/mronj/078/mask2.nii.gz,630,470,2260,1160,630,470,2260,1160
080,/net/nfs3/export/dataset/morita/kobe-u/oral/mronj/080/xp.nii.gz,/net/nfs3/export/dataset/morita/kobe-u/oral/mronj/080/mask2.nii.gz,200,320,1900,1100,200,320,1900,1100
081,/net/nfs3/export/dataset/morita/kobe-u/oral/mronj/081/xp.nii.gz,/net/nfs3/export/dataset/morita/kobe-u/oral/mronj/081/mask2.nii.gz,380,440,2030,1150,380,440,2030,1150
082,/net/nfs3/export/dataset/morita/kobe-u/oral/mronj/082/xp.nii.gz,/net/nfs3/export/dataset/morita/kobe-u/oral/mronj/082/mask2.nii.gz,330,220,1920,930,330,220,1920,930
082,/net/nfs3/export/home/hasegawa/workspace/kobe/synthesis/_out/mronj/Panorama/082.nii.gz,/net/nfs3/export/dataset/morita/kobe-u/oral/mronj/082/mask2.nii.gz,450,390,1960,1020,330,220,1920,930
083,/net/nfs3/export/dataset/morita/kobe-u/oral/mronj/083/xp.nii.gz,/net/nfs3/export/dataset/morita/kobe-u/oral/mronj/083/mask2.nii.gz,350,500,1980,1110,350,500,1980,1110
084,/net/nfs3/export/dataset/morita/kobe-u/oral/mronj/084/xp.nii.gz,/net/nfs3/export/dataset/morita/kobe-u/oral/mronj/084/mask2.nii.gz,440,330,2000,960,440,330,2000,960
085,/net/nfs3/export/dataset/morita/kobe-u/oral/mronj/085/xp.nii.gz,/net/nfs3/export/dataset/morita/kobe-u/oral/mronj/085/mask2.nii.gz,190,310,1940,1080,190,310,1940,1080
085,/net/nfs3/export/home/hasegawa/workspace/kobe/synthesis/_out/mronj/Panorama/085.nii.gz,/net/nfs3/export/dataset/morita/kobe-u/oral/mronj/085/mask2.nii.gz,190,330,1940,1030,190,310,1940,1080
086,/net/nfs3/export/dataset/morita/kobe-u/oral/mronj/086/xp.nii.gz,/net/nfs3/export/dataset/morita/kobe-u/oral/mronj/086/mask2.nii.gz,400,330,1920,1140,400,330,1920,1140
086,/net/nfs3/export/home/hasegawa/workspace/kobe/synthesis/_out/mronj/Panorama/086.nii.gz,/net/nfs3/export/dataset/morita/kobe-u/oral/mronj/086/mask2.nii.gz,370,330,1960,1040,400,330,1920,1140
087,/net/nfs3/export/dataset/morita/kobe-u/oral/mronj/087/xp.nii.gz,/net/nfs3/export/dataset/morita/kobe-u/oral/mronj/087/mask2.nii.gz,480,520,1880,1150,480,520,1880,1150
088,/net/nfs3/export/dataset/morita/kobe-u/oral/mronj/088/xp.nii.gz,/net/nfs3/export/dataset/morita/kobe-u/oral/mronj/088/mask2.nii.gz,360,460,1800,1130,360,460,1800,1130
089,/net/nfs3/export/dataset/morita/kobe-u/oral/mronj/089/xp.nii.gz,/net/nfs3/export/dataset/morita/kobe-u/oral/mronj/089/mask2.nii.gz,110,220,2220,1100,110,220,2220,1100
089,/net/nfs3/export/home/hasegawa/workspace/kobe/synthesis/_out/mronj/Panorama/089.nii.gz,/net/nfs3/export/dataset/morita/kobe-u/oral/mronj/089/mask2.nii.gz,320,300,2020,1060,110,220,2220,1100
090,/net/nfs3/export/dataset/morita/kobe-u/oral/mronj/090/xp.nii.gz,/net/nfs3/export/dataset/morita/kobe-u/oral/mronj/090/mask2.nii.gz,140,120,2100,1010,140,120,2100,1010
091,/net/nfs3/export/dataset/morita/kobe-u/oral/mronj/091/xp.nii.gz,/net/nfs3/export/dataset/morita/kobe-u/oral/mronj/091/mask2.nii.gz,340,190,1960,920,340,190,1960,920
092,/net/nfs3/export/dataset/morita/kobe-u/oral/mronj/092/xp.nii.gz,/net/nfs3/export/dataset/morita/kobe-u/oral/mronj/092/mask2.nii.gz,510,370,1840,1040,510,370,1840,1040
093,/net/nfs3/export/dataset/morita/kobe-u/oral/mronj/093/xp.nii.gz,/net/nfs3/export/dataset/morita/kobe-u/oral/mronj/093/mask2.nii.gz,180,300,2060,1030,180,300,2060,1030
094,/net/nfs3/export/dataset/morita/kobe-u/oral/mronj/094/xp.nii.gz,/net/nfs3/export/dataset/morita/kobe-u/oral/mronj/094/mask2.nii.gz,430,420,2010,1100,430,420,2010,1100
094,/net/nfs3/export/home/hasegawa/workspace/kobe/synthesis/_out/mronj/Panorama/094.nii.gz,/net/nfs3/export/dataset/morita/kobe-u/oral/mronj/094/mask2.nii.gz,390,330,2010,1010,430,420,2010,1100
095,/net/nfs3/export/dataset/morita/kobe-u/oral/mronj/095/xp.nii.gz,/net/nfs3/export/dataset/morita/kobe-u/oral/mronj/095/mask2.nii.gz,380,420,2000,1060,380,420,2000,1060
096,/net/nfs3/export/dataset/morita/kobe-u/oral/mronj/096/xp.nii.gz,/net/nfs3/export/dataset/morita/kobe-u/oral/mronj/096/mask2.nii.gz,430,400,1970,1070,430,400,1970,1070
097,/net/nfs3/export/dataset/morita/kobe-u/oral/mronj/097/xp.nii.gz,/net/nfs3/export/dataset/morita/kobe-u/oral/mronj/097/mask2.nii.gz,430,370,1960,990,430,370,1960,990
098,/net/nfs3/export/dataset/morita/kobe-u/oral/mronj/098/xp.nii.gz,/net/nfs3/export/dataset/morita/kobe-u/oral/mronj/098/mask2.nii.gz,480,420,1850,1040,480,420,1850,1040
099,/net/nfs3/export/dataset/morita/kobe-u/oral/mronj/099/xp.nii.gz,/net/nfs3/export/dataset/morita/kobe-u/oral/mronj/099/mask2.nii.gz,460,400,1820,940,460,400,1820,940
099,/net/nfs3/export/home/hasegawa/workspace/kobe/synthesis/_out/mronj/Panorama/099.nii.gz,/net/nfs3/export/dataset/morita/kobe-u/oral/mronj/099/mask2.nii.gz,410,430,2000,970,460,400,1820,940
100,/net/nfs3/export/dataset/morita/kobe-u/oral/mronj/100/xp.nii.gz,/net/nfs3/export/dataset/morita/kobe-u/oral/mronj/100/mask2.nii.gz,470,320,1940,1030,470,320,1940,1030
101,/net/nfs3/export/dataset/morita/kobe-u/oral/mronj/101/xp.nii.gz,/net/nfs3/export/dataset/morita/kobe-u/oral/mronj/101/mask2.nii.gz,250,390,1990,1060,250,390,1990,1060
102,/net/nfs3/export/dataset/morita/kobe-u/oral/mronj/102/xp.nii.gz,/net/nfs3/export/dataset/morita/kobe-u/oral/mronj/102/mask2.nii.gz,370,400,2070,1080,370,400,2070,1080
103,/net/nfs3/export/dataset/morita/kobe-u/oral/mronj/103/xp.nii.gz,/net/nfs3/export/dataset/morita/kobe-u/oral/mronj/103/mask2.nii.gz,340,370,2000,990,340,370,2000,990
104,/net/nfs3/export/dataset/morita/kobe-u/oral/mronj/104/xp.nii.gz,/net/nfs3/export/dataset/morita/kobe-u/oral/mronj/104/mask2.nii.gz,360,330,2030,1040,360,330,2030,1040
105,/net/nfs3/export/dataset/morita/kobe-u/oral/mronj/105/xp.nii.gz,/net/nfs3/export/dataset/morita/kobe-u/oral/mronj/105/mask2.nii.gz,320,320,2000,1060,320,320,2000,1060
106,/net/nfs3/export/dataset/morita/kobe-u/oral/mronj/106/xp.nii.gz,/net/nfs3/export/dataset/morita/kobe-u/oral/mronj/106/mask2.nii.gz,300,300,2020,1010,300,300,2020,1010
107,/net/nfs3/export/dataset/morita/kobe-u/oral/mronj/107/xp.nii.gz,/net/nfs3/export/dataset/morita/kobe-u/oral/mronj/107/mask2.nii.gz,340,420,1950,1050,340,420,1950,1050
108,/net/nfs3/export/dataset/morita/kobe-u/oral/mronj/108/xp.nii.gz,/net/nfs3/export/dataset/morita/kobe-u/oral/mronj/108/mask2.nii.gz,350,500,2000,1070,350,500,2000,1070
109,/net/nfs3/export/dataset/morita/kobe-u/oral/mronj/109/xp.nii.gz,/net/nfs3/export/dataset/morita/kobe-u/oral/mronj/109/mask2.nii.gz,420,340,1990,1040,420,340,1990,1040
110,/net/nfs3/export/dataset/morita/kobe-u/oral/mronj/110/xp.nii.gz,/net/nfs3/export/dataset/morita/kobe-u/oral/mronj/110/mask2.nii.gz,440,390,2010,1060,440,390,2010,1060
111,/net/nfs3/export/dataset/morita/kobe-u/oral/mronj/111/xp.nii.gz,/net/nfs3/export/dataset/morita/kobe-u/oral/mronj/111/mask2.nii.gz,180,330,2060,1070,180,330,2060,1070
112,/net/nfs3/export/dataset/morita/kobe-u/oral/mronj/112/xp.nii.gz,/net/nfs3/export/dataset/morita/kobe-u/oral/mronj/112/mask2.nii.gz,420,320,1980,1090,420,320,1980,1090
113,/net/nfs3/export/dataset/morita/kobe-u/oral/mronj/113/xp.nii.gz,/net/nfs3/export/dataset/morita/kobe-u/oral/mronj/113/mask2.nii.gz,280,450,2110,1060,280,450,2110,1060
114,/net/nfs3/export/dataset/morita/kobe-u/oral/mronj/114/xp.nii.gz,/net/nfs3/export/dataset/morita/kobe-u/oral/mronj/114/mask2.nii.gz,360,320,1960,1080,360,320,1960,1080
115,/net/nfs3/export/dataset/morita/kobe-u/oral/mronj/115/xp.nii.gz,/net/nfs3/export/dataset/morita/kobe-u/oral/mronj/115/mask2.nii.gz,330,410,1990,1060,330,410,1990,1060
117,/net/nfs3/export/dataset/morita/kobe-u/oral/mronj/117/xp.nii.gz,/net/nfs3/export/dataset/morita/kobe-u/oral/mronj/117/mask2.nii.gz,300,300,2050,1000,300,300,2050,1000
118,/net/nfs3/export/dataset/morita/kobe-u/oral/mronj/118/xp.nii.gz,/net/nfs3/export/dataset/morita/kobe-u/oral/mronj/118/mask2.nii.gz,240,350,2090,1060,240,350,2090,1060
119,/net/nfs3/export/dataset/morita/kobe-u/oral/mronj/119/xp.nii.gz,/net/nfs3/export/dataset/morita/kobe-u/oral/mronj/119/mask2.nii.gz,300,310,1970,1070,300,310,1970,1070
120,/net/nfs3/export/dataset/morita/kobe-u/oral/mronj/120/xp.nii.gz,/net/nfs3/export/dataset/morita/kobe-u/oral/mronj/120/mask2.nii.gz,210,280,2050,1070,210,280,2050,1070
